P(up),P(pos),P(neg),Pos sent score,Neg sent score,5,6,7,8
0.7701558252638907,0.9999985894932204,0.12461511311767741,0.2598161805555556,-0.342715,defi,,,
0.07729070636942663,0.6961153185210547,0.5451258163580694,0.1252638888888889,-0.47377,,,,
0.9217868870782483,0.9406708352046738,0.4179980279852593,0.26315175,-0.1294,,,,
0.5853823145094775,0.016096866739049608,0.9524577741937638,0.21722509615384616,-0.19238705128205127,vet,,,
0.9682667819161892,0.07420999436437915,0.6509853934184767,0.16833916666666668,-0.12012523809523809,eth,,,
0.041954870599684994,0.2569002662383261,0.4765784054488192,0.18370861111111111,-0.11504,,,,
0.8179255652540184,0.5746047233071875,0.8753108275687231,0.2628604166666667,-0.3725266666666667,,,,
0.9497271600821359,0.9881757592296028,0.4618980643570861,0.2861916666666667,-0.375005,btc,,,
0.7408381350728053,0.27624336482315187,0.7889159462512917,0.2808441666666667,-0.210035,defi,,,
0.8945674850875142,0.3800145256217928,0.503277169132379,0.1941548148148148,-0.12859666666666666,,,,
0.012683218050450749,0.011066867057109013,0.9833017755936002,0.21793907894736841,-0.24574712121212122,,,,
0.15597554726824225,0.8867149909594766,0.36941437858756865,0.17648799999999998,0.0,,,,
0.9404573764890922,0.5474797107753548,0.3828846412090041,0.1493401851851852,-0.05533,,,,
0.8823255163609496,0.016388321523032268,0.5637395041862724,0.147414,-0.08782958333333335,,,,
0.9746013114133518,0.999925243399899,0.1474020692047027,0.2488104320987654,-0.12501625,,,,
0.1587744578929508,0.909006362499233,0.3113633819740301,0.18927101851851855,-0.0093025,,,,
0.8938309022834737,0.011131977735590692,0.8834050742674255,0.09978428571428573,-0.279283125,,,,
0.9894587706903476,0.644557174056851,0.6790631684854805,0.16280666666666668,-0.26553166666666667,vet,defi,,
0.015522244650122244,0.00987885619120269,0.8312057555598261,0.24789604166666668,-0.14936958333333333,,,,
0.9858626592961456,0.9981666117779187,0.41787210631897653,0.31563316666666663,-0.39216,vet,,,
0.9902029612864346,0.9430040087511302,0.40302487432512507,0.23164428571428575,-0.16625222222222225,eth,,,
0.0030524856690417987,0.04832318499668188,0.9343113058756082,0.21286363636363637,-0.22025309523809525,,,,
0.28095609438055325,0.9971751065509256,0.13699011998409555,0.20204291666666666,-0.135265,eth,btc,,
0.9824954155128045,0.9992833839498153,0.40785717449957737,0.2530141666666667,-0.15403583333333334,link,,,
0.5952531474415721,0.008976368876263468,0.7356326902454478,0.19532666666666668,-0.1550325,,,,
0.6972809039096234,0.13354719398617018,0.8304106035996117,0.20852785714285713,-0.35140333333333335,,,,
0.10549160508550473,0.34578961520832907,0.6455347801672954,0.2557291666666667,-0.14737033333333333,btc,,,
0.7244706459888542,0.013352106781109123,0.9848933218247363,0.40627062500000005,-0.37335399999999996,btc,,,
0.007926286646508485,0.29584566820808916,0.4680171879576965,0.14947500000000002,-0.06325166666666666,vet,,,
0.10940619549867367,0.9994431363952566,0.6334485246554543,0.26462303921568625,-0.2059875,,,,
0.9964060950204812,0.014270262773151904,0.7910823043458852,0.18988923245614034,-0.14412734375,btc,,,
0.02196414127637182,0.9758237433226628,0.6846118205042137,0.25248476851851853,-0.1579375,,,,
0.06304915391496832,0.0011155468489883445,0.992149539051971,0.20927916666666663,-0.31537375,,,,
0.002986953624185751,0.8864251220126651,0.2908626217953377,0.09971777777777778,0.0,xrp,,,
0.48506279327582214,0.858841220920545,0.3050198068583038,0.16391716666666667,-0.025769999999999998,vet,,,
0.9998435025746278,0.9984730516698985,0.28058323959852594,0.28319333333333335,-0.27069,vet,,,
0.34616798653853276,0.7831407510478937,0.40938110680965517,0.1652226388888889,0.0,btc,defi,,
0.17296486294086572,8.335300488127604e-06,0.9956029286232868,0.22029964285714285,-0.24460757575757572,,,,
0.012725414405302272,0.9921043701079998,0.15946845365100837,0.14702941176470588,-0.010433333333333334,vet,,,
0.005087339991179229,0.35402587025787297,0.39734323386169557,0.20978000000000002,-0.04702708333333333,vet,,,
0.5555467732785917,0.000855858373368209,0.790093766228732,0.16341375,-0.13014583333333332,atom,xtz,,
0.9750712110770259,0.9970844091090579,0.19023288616872053,0.21159194444444449,0.0,,,,
0.02759453019033125,0.9731797288902774,0.774536028073605,0.22039011111111115,-0.36433,,,,
0.8204954408884808,0.9962402053996923,0.7783934461859783,0.2182523717948718,-0.29372880952380953,btc,altcoin,,
1.1244758061353779e-05,0.8429525076567007,0.5968567650455777,0.21692943181818186,-0.11124699999999998,vet,ada,xtz,xrp
0.9096350012179999,0.2038340221924182,0.6644873261162424,0.17849,-0.14358125,eth,,,
0.03181243820649319,0.8004624357960701,0.4818714907845415,0.23049928571428574,-0.1407475,eth,,,
0.6274204567761387,0.9917193717920806,0.4209861185268288,0.27239961538461543,-0.26202000000000003,,,,
0.8377180920685015,0.8798625682476637,0.42842079689332097,0.14941819892473115,-0.30153625,vet,,,
0.12409973822596093,0.027515585452687893,0.9003939852786861,0.12651500000000002,-0.29895222222222223,,,,
0.9381824078021366,0.9999648916946977,0.12171086976977227,0.2815991666666667,-0.011479999999999999,,,,
5.620098171453338e-06,0.9562545532302998,0.20316518656572644,0.11441723484848486,-0.1468325,vet,,,
0.10714110374869795,0.9638507849466319,0.32993729624336415,0.30384500000000003,-0.012105000000000001,eth,,,
0.7865320707542932,0.9127049041313207,0.3347007370174657,0.2552070833333333,-0.0216525,,,,
0.7475912234951213,0.9954356738918904,0.5737008639794652,0.2921682738095238,-0.24333111111111114,eth,,,
0.5982424902191389,0.9726846230741641,0.6481113518074167,0.27979472222222224,-0.3177166666666667,ada,,,
0.6732919096214359,0.29125926048657114,0.8252716243429553,0.16498285714285715,-0.3941225,,,,
